group,time,baseline_n,observed_n,missing_n,missing_status_counts,median_fold,min_fold,max_fold,median_radiance,mean_radiance,complete_baseline_cohort
pbs_vehicle,3,10,10,0,{},1.0,1.0,1.0,165000.0,182000,True
pbs_vehicle,6,10,10,0,{},1.5147058823529411,0.55,3.6363636363636362,265000.0,288700,True
pbs_vehicle,10,10,10,0,{},5.9411764705882355,0.41025641025641024,37.27272727272727,910000.0,1245000,True
pbs_vehicle,13,10,10,0,{},13.781512605042018,5.625,26.31578947368421,2400000.0,2380000,True
pbs_vehicle,17,10,10,0,{},17.55514705882353,10.588235294117647,50.90909090909091,3150000.0,3400000,True
pbs_vehicle,21,10,8,2,"{""deceased"": 2}",100.0,11.176470588235293,217.64705882352942,17500000.0,20250000,False
pbs_vehicle,26,10,0,10,"{""deceased"": 8, ""previously_deceased_blank"": 2}",,,,,,False
pbs_tmz,3,9,9,0,{},1.0,1.0,1.0,140000,161111.11111111112,True
pbs_tmz,6,9,9,0,{},1.5,1.0833333333333333,2.727272727272727,280000,271111.1111111111,True
pbs_tmz,10,9,9,0,{},5.538461538461538,0.5714285714285714,18.181818181818183,950000,1057777.7777777778,True
pbs_tmz,13,9,9,0,{},15.714285714285714,3.75,35.55555555555556,2200000,2905555.5555555555,True
pbs_tmz,17,9,9,0,{},15.0,3.25,26.153846153846153,2400000,2298888.888888889,True
pbs_tmz,21,9,9,0,{},54.285714285714285,7.5,153.84615384615384,7600000,9244444.444444444,True
pbs_tmz,26,9,6,3,"{""deceased"": 3}",268.6904761904762,79.75,300.55555555555554,46550000.0,38945000,False
rli_vehicle,3,9,9,0,{},1.0,1.0,1.0,160000,196666.66666666666,True
rli_vehicle,6,9,9,0,{},1.6,0.5,2.764705882352941,280000,297222.22222222225,True
rli_vehicle,10,9,9,0,{},5.6923076923076925,0.5529411764705883,19.333333333333332,780000,1481555.5555555555,True
rli_vehicle,13,9,9,0,{},4.733333333333333,0.6266666666666667,24.705882352941178,640000,989333.3333333334,True
rli_vehicle,17,9,9,0,{},0.9375,0.07307692307692308,288.2352941176471,150000,5758444.444444444,True
rli_vehicle,21,9,7,2,"{""deceased"": 2}",1.6,0.3,4.0,320000,336714.28571428574,False
rli_vehicle,26,9,7,2,"{""previously_deceased_blank"": 2}",11.23076923076923,1.575,165.33333333333334,1460000,9303142.857142856,False
rli_tmz,3,9,9,0,{},1.0,1.0,1.0,150000,151111.11111111112,True
rli_tmz,6,9,9,0,{},1.375,0.625,3.5454545454545454,220000,223333.33333333334,True
rli_tmz,10,9,9,0,{},5.642857142857143,2.4615384615384617,47.27272727272727,810000,1511111.111111111,True
rli_tmz,13,9,9,0,{},1.8,1.0,14.545454545454545,390000,645555.5555555555,True
rli_tmz,17,9,9,0,{},0.8461538461538461,0.4875,8.0,110000,303888.8888888889,True
rli_tmz,21,9,9,0,{},0.5454545454545454,0.21875,28.75,72000,588444.4444444445,True
rli_tmz,26,9,7,2,"{""censor"": 2}",1.3272727272727274,0.8,1.8461538461538463,185000,182857.14285714287,False
