series_id,group,time,raw_value,status,radiance,baseline_radiance,fold_from_day3,log2_fold_from_day3,source_sheet,source_cell
fig6CG-B,pbs_vehicle,3,110000,observed,110000,110000,1.0,0.0,Figure 6C-G,B2
fig6CG-B,pbs_vehicle,6,400000,observed,400000,110000,3.6363636363636362,1.862496476250065,Figure 6C-G,B3
fig6CG-B,pbs_vehicle,10,4100000,observed,4100000,110000,37.27272727272727,5.220048480868149,Figure 6C-G,B4
fig6CG-B,pbs_vehicle,13,2700000,observed,2700000,110000,24.545454545454547,4.6173839784135335,Figure 6C-G,B5
fig6CG-B,pbs_vehicle,17,5600000,observed,5600000,110000,50.90909090909091,5.669851398307669,Figure 6C-G,B6
fig6CG-B,pbs_vehicle,21,deceased,deceased,,110000,,,Figure 6C-G,B7
fig6CG-B,pbs_vehicle,26,,previously_deceased_blank,,110000,,,Figure 6C-G,B8
fig6CG-C,pbs_vehicle,3,190000,observed,190000,190000,1.0,0.0,Figure 6C-G,C2
fig6CG-C,pbs_vehicle,6,380000,observed,380000,190000,2.0,1.0,Figure 6C-G,C3
fig6CG-C,pbs_vehicle,10,2200000,observed,2200000,190000,11.578947368421053,3.5334322000810743,Figure 6C-G,C4
fig6CG-C,pbs_vehicle,13,5000000,observed,5000000,190000,26.31578947368421,4.717856771218502,Figure 6C-G,C5
fig6CG-C,pbs_vehicle,17,4300000,observed,4300000,190000,22.63157894736842,4.500265336145874,Figure 6C-G,C6
fig6CG-C,pbs_vehicle,21,deceased,deceased,,190000,,,Figure 6C-G,C7
fig6CG-C,pbs_vehicle,26,,previously_deceased_blank,,190000,,,Figure 6C-G,C8
fig6CG-D,pbs_vehicle,3,170000,observed,170000,170000,1.0,0.0,Figure 6C-G,D2
fig6CG-D,pbs_vehicle,6,290000,observed,290000,170000,1.7058823529411764,0.7705181538772327,Figure 6C-G,D3
fig6CG-D,pbs_vehicle,10,180000,observed,180000,170000,1.0588235294117647,0.08246216019197297,Figure 6C-G,D4
fig6CG-D,pbs_vehicle,13,2500000,observed,2500000,170000,14.705882352941176,3.8783214434117474,Figure 6C-G,D5
fig6CG-D,pbs_vehicle,17,3100000,observed,3100000,170000,18.235294117647058,4.188661564023898,Figure 6C-G,D6
fig6CG-D,pbs_vehicle,21,29000000,observed,29000000,170000,170.58823529411765,7.414374343651957,Figure 6C-G,D7
fig6CG-D,pbs_vehicle,26,deceased,deceased,,170000,,,Figure 6C-G,D8
fig6CG-E,pbs_vehicle,3,390000,observed,390000,390000,1.0,0.0,Figure 6C-G,E2
fig6CG-E,pbs_vehicle,6,580000,observed,580000,390000,1.4871794871794872,0.5725787762653238,Figure 6C-G,E3
fig6CG-E,pbs_vehicle,10,160000,observed,160000,390000,0.41025641025641024,-1.2854022188622485,Figure 6C-G,E4
fig6CG-E,pbs_vehicle,13,2300000,observed,2300000,390000,5.897435897435898,2.560087832082127,Figure 6C-G,E5
fig6CG-E,pbs_vehicle,17,5400000,observed,5400000,390000,13.846153846153847,3.7914133781885826,Figure 6C-G,E6
fig6CG-E,pbs_vehicle,21,36000000,observed,36000000,390000,92.3076923076923,6.528378972354789,Figure 6C-G,E7
fig6CG-E,pbs_vehicle,26,deceased,deceased,,390000,,,Figure 6C-G,E8
fig6CG-F,pbs_vehicle,3,170000,observed,170000,170000,1.0,0.0,Figure 6C-G,F2
fig6CG-F,pbs_vehicle,6,260000,observed,260000,170000,1.5294117647058822,0.6129768768907526,Figure 6C-G,F3
fig6CG-F,pbs_vehicle,10,820000,observed,820000,170000,4.823529411764706,2.2700891633677442,Figure 6C-G,F4
fig6CG-F,pbs_vehicle,13,1400000,observed,1400000,170000,8.235294117647058,3.041820175694627,Figure 6C-G,F5
fig6CG-F,pbs_vehicle,17,2100000,observed,2100000,170000,12.352941176470589,3.6267826764157833,Figure 6C-G,F6
fig6CG-F,pbs_vehicle,21,1900000,observed,1900000,170000,11.176470588235293,3.4823927670806083,Figure 6C-G,F7
fig6CG-F,pbs_vehicle,26,deceased,deceased,,170000,,,Figure 6C-G,F8
fig6CG-G,pbs_vehicle,3,160000,observed,160000,160000,1.0,0.0,Figure 6C-G,G2
fig6CG-G,pbs_vehicle,6,240000,observed,240000,160000,1.5,0.5849625007211562,Figure 6C-G,G3
fig6CG-G,pbs_vehicle,10,320000,observed,320000,160000,2.0,1.0,Figure 6C-G,G4
fig6CG-G,pbs_vehicle,13,900000,observed,900000,160000,5.625,2.4918530963296748,Figure 6C-G,G5
fig6CG-G,pbs_vehicle,17,2500000,observed,2500000,160000,15.625,3.965784284662087,Figure 6C-G,G6
fig6CG-G,pbs_vehicle,21,18000000,observed,18000000,160000,112.5,6.813781191217037,Figure 6C-G,G7
fig6CG-G,pbs_vehicle,26,deceased,deceased,,160000,,,Figure 6C-G,G8
fig6CG-H,pbs_vehicle,3,140000,observed,140000,140000,1.0,0.0,Figure 6C-G,H2
fig6CG-H,pbs_vehicle,6,77000,observed,77000,140000,0.55,-0.862496476250065,Figure 6C-G,H3
fig6CG-H,pbs_vehicle,10,1000000,observed,1000000,140000,7.142857142857143,2.8365012677171206,Figure 6C-G,H4
fig6CG-H,pbs_vehicle,13,1800000,observed,1800000,140000,12.857142857142858,3.6844981742720706,Figure 6C-G,H5
fig6CG-H,pbs_vehicle,17,3200000,observed,3200000,140000,22.857142857142858,4.514573172829758,Figure 6C-G,H6
fig6CG-H,pbs_vehicle,21,8100000,observed,8100000,140000,57.857142857142854,5.854423175714383,Figure 6C-G,H7
fig6CG-H,pbs_vehicle,26,deceased,deceased,,140000,,,Figure 6C-G,H8
fig6CG-I,pbs_vehicle,3,160000,observed,160000,160000,1.0,0.0,Figure 6C-G,I2
fig6CG-I,pbs_vehicle,6,190000,observed,190000,160000,1.1875,0.2479275134435855,Figure 6C-G,I3
fig6CG-I,pbs_vehicle,10,470000,observed,470000,160000,2.9375,1.5545888516776374,Figure 6C-G,I4
fig6CG-I,pbs_vehicle,13,1400000,observed,1400000,160000,8.75,3.1292830169449664,Figure 6C-G,I5
fig6CG-I,pbs_vehicle,17,2700000,observed,2700000,160000,16.875,4.076815597050831,Figure 6C-G,I6
fig6CG-I,pbs_vehicle,21,17000000,observed,17000000,160000,106.25,6.731319031025064,Figure 6C-G,I7
fig6CG-I,pbs_vehicle,26,deceased,deceased,,160000,,,Figure 6C-G,I8
fig6CG-J,pbs_vehicle,3,170000,observed,170000,170000,1.0,0.0,Figure 6C-G,J2
fig6CG-J,pbs_vehicle,6,200000,observed,200000,170000,1.1764705882352942,0.23446525363702297,Figure 6C-G,J3
fig6CG-J,pbs_vehicle,10,1200000,observed,1200000,170000,7.0588235294117645,2.819427754358179,Figure 6C-G,J4
fig6CG-J,pbs_vehicle,13,3200000,observed,3200000,170000,18.823529411764707,4.234465253637023,Figure 6C-G,J5
fig6CG-J,pbs_vehicle,17,1800000,observed,1800000,170000,10.588235294117647,3.4043902550793352,Figure 6C-G,J6
fig6CG-J,pbs_vehicle,21,37000000,observed,37000000,170000,217.64705882352942,7.765846714153335,Figure 6C-G,J7
fig6CG-J,pbs_vehicle,26,deceased,deceased,,170000,,,Figure 6C-G,J8
fig6CG-K,pbs_vehicle,3,160000,observed,160000,160000,1.0,0.0,Figure 6C-G,K2
fig6CG-K,pbs_vehicle,6,270000,observed,270000,160000,1.6875,0.7548875021634686,Figure 6C-G,K3
fig6CG-K,pbs_vehicle,10,2000000,observed,2000000,160000,12.5,3.643856189774725,Figure 6C-G,K4
fig6CG-K,pbs_vehicle,13,2600000,observed,2600000,160000,16.25,4.022367813028454,Figure 6C-G,K5
fig6CG-K,pbs_vehicle,17,3300000,observed,3300000,160000,20.625,4.366322214245816,Figure 6C-G,K6
fig6CG-K,pbs_vehicle,21,15000000,observed,15000000,160000,93.75,6.550746785383243,Figure 6C-G,K7
fig6CG-K,pbs_vehicle,26,deceased,deceased,,160000,,,Figure 6C-G,K8
fig6CG-L,pbs_tmz,3,140000,observed,140000,140000,1.0,0.0,Figure 6C-G,L2
fig6CG-L,pbs_tmz,6,210000,observed,210000,140000,1.5,0.5849625007211562,Figure 6C-G,L3
fig6CG-L,pbs_tmz,10,570000,observed,570000,140000,4.071428571428571,2.0255350921071376,Figure 6C-G,L4
fig6CG-L,pbs_tmz,13,1700000,observed,1700000,140000,12.142857142857142,3.6020360140800975,Figure 6C-G,L5
fig6CG-L,pbs_tmz,17,1900000,observed,1900000,140000,13.571428571428571,3.7625006862733437,Figure 6C-G,L6
fig6CG-L,pbs_tmz,21,5400000,observed,5400000,140000,38.57142857142857,5.269460674993227,Figure 6C-G,L7
fig6CG-L,pbs_tmz,26,deceased,deceased,,140000,,,Figure 6C-G,L8
fig6CG-M,pbs_tmz,3,110000,observed,110000,110000,1.0,0.0,Figure 6C-G,M2
fig6CG-M,pbs_tmz,6,300000,observed,300000,110000,2.727272727272727,1.4474589769712212,Figure 6C-G,M3
fig6CG-M,pbs_tmz,10,2000000,observed,2000000,110000,18.181818181818183,4.184424571137428,Figure 6C-G,M4
fig6CG-M,pbs_tmz,13,2200000,observed,2200000,110000,20.0,4.321928094887363,Figure 6C-G,M5
fig6CG-M,pbs_tmz,17,2400000,observed,2400000,110000,21.818181818181817,4.447458976971221,Figure 6C-G,M6
fig6CG-M,pbs_tmz,21,13000000,observed,13000000,110000,118.18181818181819,6.88486428927852,Figure 6C-G,M7
fig6CG-M,pbs_tmz,26,deceased,deceased,,110000,,,Figure 6C-G,M8
fig6CG-N,pbs_tmz,3,220000,observed,220000,220000,1.0,0.0,Figure 6C-G,N2
fig6CG-N,pbs_tmz,6,300000,observed,300000,220000,1.3636363636363635,0.44745897697122117,Figure 6C-G,N3
fig6CG-N,pbs_tmz,10,950000,observed,950000,220000,4.318181818181818,2.1104239896936505,Figure 6C-G,N4
fig6CG-N,pbs_tmz,13,1600000,observed,1600000,220000,7.2727272727272725,2.862496476250065,Figure 6C-G,N5
fig6CG-N,pbs_tmz,17,2400000,observed,2400000,220000,10.909090909090908,3.447458976971221,Figure 6C-G,N6
fig6CG-N,pbs_tmz,21,5200000,observed,5200000,220000,23.636363636363637,4.562936194391157,Figure 6C-G,N7
fig6CG-N,pbs_tmz,26,deceased,deceased,,220000,,,Figure 6C-G,N8
fig6CG-O,pbs_tmz,3,120000,observed,120000,120000,1.0,0.0,Figure 6C-G,O2
fig6CG-O,pbs_tmz,6,130000,observed,130000,120000,1.0833333333333333,0.11547721741993588,Figure 6C-G,O3
fig6CG-O,pbs_tmz,10,260000,observed,260000,120000,2.1666666666666665,1.1154772174199359,Figure 6C-G,O4
fig6CG-O,pbs_tmz,13,450000,observed,450000,120000,3.75,1.9068905956085185,Figure 6C-G,O5
fig6CG-O,pbs_tmz,17,390000,observed,390000,120000,3.25,1.7004397181410922,Figure 6C-G,O6
fig6CG-O,pbs_tmz,21,900000,observed,900000,120000,7.5,2.9068905956085187,Figure 6C-G,O7
fig6CG-O,pbs_tmz,26,9570000,observed,9570000,120000,79.75,6.317412613764869,Figure 6C-G,O8
fig6CG-P,pbs_tmz,3,200000,observed,200000,200000,1.0,0.0,Figure 6C-G,P2
fig6CG-P,pbs_tmz,6,280000,observed,280000,200000,1.4,0.48542682717024166,Figure 6C-G,P3
fig6CG-P,pbs_tmz,10,1600000,observed,1600000,200000,8.0,3.0,Figure 6C-G,P4
fig6CG-P,pbs_tmz,13,4500000,observed,4500000,200000,22.5,4.491853096329675,Figure 6C-G,P5
fig6CG-P,pbs_tmz,17,3200000,observed,3200000,200000,16.0,4.0,Figure 6C-G,P6
fig6CG-P,pbs_tmz,21,4100000,observed,4100000,200000,20.5,4.357552004618084,Figure 6C-G,P7
fig6CG-P,pbs_tmz,26,56900000,observed,56900000,200000,284.5,8.152284842306582,Figure 6C-G,P8
fig6CG-Q,pbs_tmz,3,210000,observed,210000,210000,1.0,0.0,Figure 6C-G,Q2
fig6CG-Q,pbs_tmz,6,530000,observed,530000,210000,2.5238095238095237,1.3356030317844387,Figure 6C-G,Q3
fig6CG-Q,pbs_tmz,10,120000,observed,120000,210000,0.5714285714285714,-0.8073549220576042,Figure 6C-G,Q4
fig6CG-Q,pbs_tmz,13,5300000,observed,5300000,210000,25.238095238095237,4.657531126671802,Figure 6C-G,Q5
fig6CG-Q,pbs_tmz,17,2100000,observed,2100000,210000,10.0,3.321928094887362,Figure 6C-G,Q6
fig6CG-Q,pbs_tmz,21,14000000,observed,14000000,210000,66.66666666666667,6.058893689053568,Figure 6C-G,Q7
fig6CG-Q,pbs_tmz,26,53600000,observed,53600000,210000,255.23809523809524,7.995699862566375,Figure 6C-G,Q8
fig6CG-R,pbs_tmz,3,130000,observed,130000,130000,1.0,0.0,Figure 6C-G,R2
fig6CG-R,pbs_tmz,6,180000,observed,180000,130000,1.3846153846153846,0.4694852833012202,Figure 6C-G,R3
fig6CG-R,pbs_tmz,10,720000,observed,720000,130000,5.538461538461538,2.46948528330122,Figure 6C-G,R4
fig6CG-R,pbs_tmz,13,1800000,observed,1800000,130000,13.846153846153847,3.7914133781885826,Figure 6C-G,R5
fig6CG-R,pbs_tmz,17,3400000,observed,3400000,130000,26.153846153846153,4.70895121799661,Figure 6C-G,R6
fig6CG-R,pbs_tmz,21,20000000,observed,20000000,130000,153.84615384615384,7.265344566520995,Figure 6C-G,R7
fig6CG-R,pbs_tmz,26,20000000,observed,20000000,130000,153.84615384615384,7.265344566520995,Figure 6C-G,R8
fig6CG-S,pbs_tmz,3,140000,observed,140000,140000,1.0,0.0,Figure 6C-G,S2
fig6CG-S,pbs_tmz,6,210000,observed,210000,140000,1.5,0.5849625007211562,Figure 6C-G,S3
fig6CG-S,pbs_tmz,10,1400000,observed,1400000,140000,10.0,3.321928094887362,Figure 6C-G,S4
fig6CG-S,pbs_tmz,13,2200000,observed,2200000,140000,15.714285714285714,3.9740047914670553,Figure 6C-G,S5
fig6CG-S,pbs_tmz,17,2100000,observed,2100000,140000,15.0,3.9068905956085187,Figure 6C-G,S6
fig6CG-S,pbs_tmz,21,7600000,observed,7600000,140000,54.285714285714285,5.762500686273344,Figure 6C-G,S7
fig6CG-S,pbs_tmz,26,39500000,observed,39500000,140000,282.14285714285717,8.140282015894224,Figure 6C-G,S8
fig6CG-T,pbs_tmz,3,180000,observed,180000,180000,1.0,0.0,Figure 6C-G,T2
fig6CG-T,pbs_tmz,6,300000,observed,300000,180000,1.6666666666666667,0.7369655941662062,Figure 6C-G,T3
fig6CG-T,pbs_tmz,10,1900000,observed,1900000,180000,10.555555555555555,3.3999306068886352,Figure 6C-G,T4
fig6CG-T,pbs_tmz,13,6400000,observed,6400000,180000,35.55555555555556,5.1520030934450505,Figure 6C-G,T5
fig6CG-T,pbs_tmz,17,2800000,observed,2800000,180000,15.555555555555555,3.959358015502654,Figure 6C-G,T6
fig6CG-T,pbs_tmz,21,13000000,observed,13000000,180000,72.22222222222223,6.174370906473505,Figure 6C-G,T7
fig6CG-T,pbs_tmz,26,54100000,observed,54100000,180000,300.55555555555554,8.231487877271865,Figure 6C-G,T8
fig6CG-U,rli_vehicle,3,520000,observed,520000,520000,1.0,0.0,Figure 6C-G,U2
fig6CG-U,rli_vehicle,6,520000,observed,520000,520000,1.0,0.0,Figure 6C-G,U3
fig6CG-U,rli_vehicle,10,3900000,observed,3900000,520000,7.5,2.9068905956085187,Figure 6C-G,U4
fig6CG-U,rli_vehicle,13,400000,observed,400000,520000,0.7692307692307693,-0.3785116232537297,Figure 6C-G,U5
fig6CG-U,rli_vehicle,17,38000,observed,38000,520000,0.07307692307692308,-3.774440299584869,Figure 6C-G,U6
fig6CG-U,rli_vehicle,21,530000,observed,530000,520000,1.0192307692307692,0.02748073642210692,Figure 6C-G,U7
fig6CG-U,rli_vehicle,26,34100000,observed,34100000,520000,65.57692307692308,6.035116305770443,Figure 6C-G,U8
fig6CG-V,rli_vehicle,3,150000,observed,150000,150000,1.0,0.0,Figure 6C-G,V2
fig6CG-V,rli_vehicle,6,75000,observed,75000,150000,0.5,-1.0,Figure 6C-G,V3
fig6CG-V,rli_vehicle,10,680000,observed,680000,150000,4.533333333333333,2.180572245641821,Figure 6C-G,V4
fig6CG-V,rli_vehicle,13,94000,observed,94000,150000,0.6266666666666667,-0.6742298388182434,Figure 6C-G,V5
fig6CG-V,rli_vehicle,17,58000,observed,58000,150000,0.38666666666666666,-1.3708376953683088,Figure 6C-G,V6
fig6CG-V,rli_vehicle,21,45000,observed,45000,150000,0.3,-1.7369655941662063,Figure 6C-G,V7
fig6CG-V,rli_vehicle,26,523000,observed,523000,150000,3.486666666666667,1.8018484457510606,Figure 6C-G,V8
fig6CG-W,rli_vehicle,3,120000,observed,120000,120000,1.0,0.0,Figure 6C-G,W2
fig6CG-W,rli_vehicle,6,250000,observed,250000,120000,2.0833333333333335,1.0588936890535685,Figure 6C-G,W3
fig6CG-W,rli_vehicle,10,140000,observed,140000,120000,1.1666666666666667,0.22239242133644802,Figure 6C-G,W4
fig6CG-W,rli_vehicle,13,110000,observed,110000,120000,0.9166666666666666,-0.12553088208385899,Figure 6C-G,W5
fig6CG-W,rli_vehicle,17,120000,observed,120000,120000,1.0,0.0,Figure 6C-G,W6
fig6CG-W,rli_vehicle,21,52000,observed,52000,120000,0.43333333333333335,-1.2064508774674263,Figure 6C-G,W7
fig6CG-W,rli_vehicle,26,189000,observed,189000,120000,1.575,0.655351828612554,Figure 6C-G,W8
fig6CG-X,rli_vehicle,3,130000,observed,130000,130000,1.0,0.0,Figure 6C-G,X2
fig6CG-X,rli_vehicle,6,280000,observed,280000,130000,2.1538461538461537,1.1069152039165118,Figure 6C-G,X3
fig6CG-X,rli_vehicle,10,740000,observed,740000,130000,5.6923076923076925,2.5090136474878575,Figure 6C-G,X4
fig6CG-X,rli_vehicle,13,640000,observed,640000,130000,4.923076923076923,2.299560281858908,Figure 6C-G,X5
fig6CG-X,rli_vehicle,17,390000,observed,390000,130000,3.0,1.584962500721156,Figure 6C-G,X6
fig6CG-X,rli_vehicle,21,520000,observed,520000,130000,4.0,2.0,Figure 6C-G,X7
fig6CG-X,rli_vehicle,26,1460000,observed,1460000,130000,11.23076923076923,3.489384840738925,Figure 6C-G,X8
fig6CG-Y,rli_vehicle,3,150000,observed,150000,150000,1.0,0.0,Figure 6C-G,Y2
fig6CG-Y,rli_vehicle,6,320000,observed,320000,150000,2.1333333333333333,1.0931094043914815,Figure 6C-G,Y3
fig6CG-Y,rli_vehicle,10,2900000,observed,2900000,150000,19.333333333333332,4.273018494406416,Figure 6C-G,Y4
fig6CG-Y,rli_vehicle,13,710000,observed,710000,150000,4.733333333333333,2.2428565238961635,Figure 6C-G,Y5
fig6CG-Y,rli_vehicle,17,110000,observed,110000,150000,0.7333333333333333,-0.4474589769712214,Figure 6C-G,Y6
fig6CG-Y,rli_vehicle,21,280000,observed,280000,150000,1.8666666666666667,0.9004643264490856,Figure 6C-G,Y7
fig6CG-Y,rli_vehicle,26,24800000,observed,24800000,150000,165.33333333333334,7.369233809665719,Figure 6C-G,Y8
fig6CG-Z,rli_vehicle,3,200000,observed,200000,200000,1.0,0.0,Figure 6C-G,Z2
fig6CG-Z,rli_vehicle,6,320000,observed,320000,200000,1.6,0.6780719051126377,Figure 6C-G,Z3
fig6CG-Z,rli_vehicle,10,2600000,observed,2600000,200000,13.0,3.700439718141092,Figure 6C-G,Z4
fig6CG-Z,rli_vehicle,13,1200000,observed,1200000,200000,6.0,2.584962500721156,Figure 6C-G,Z5
fig6CG-Z,rli_vehicle,17,160000,observed,160000,200000,0.8,-0.3219280948873623,Figure 6C-G,Z6
fig6CG-Z,rli_vehicle,21,320000,observed,320000,200000,1.6,0.6780719051126377,Figure 6C-G,Z7
fig6CG-Z,rli_vehicle,26,400000,observed,400000,200000,2.0,1.0,Figure 6C-G,Z8
fig6CG-AA,rli_vehicle,3,160000,observed,160000,160000,1.0,0.0,Figure 6C-G,AA2
fig6CG-AA,rli_vehicle,6,230000,observed,230000,160000,1.4375,0.5235619560570128,Figure 6C-G,AA3
fig6CG-AA,rli_vehicle,10,780000,observed,780000,160000,4.875,2.2854022188622483,Figure 6C-G,AA4
fig6CG-AA,rli_vehicle,13,250000,observed,250000,160000,1.5625,0.6438561897747247,Figure 6C-G,AA5
fig6CG-AA,rli_vehicle,17,150000,observed,150000,160000,0.9375,-0.09310940439148147,Figure 6C-G,AA6
fig6CG-AA,rli_vehicle,21,610000,observed,610000,160000,3.8125,1.9307373375628862,Figure 6C-G,AA7
fig6CG-AA,rli_vehicle,26,3650000,observed,3650000,160000,22.8125,4.511752653767379,Figure 6C-G,AA8
fig6CG-AB,rli_vehicle,3,170000,observed,170000,170000,1.0,0.0,Figure 6C-G,AB2
fig6CG-AB,rli_vehicle,6,470000,observed,470000,170000,2.764705882352941,1.4671260104272978,Figure 6C-G,AB3
fig6CG-AB,rli_vehicle,10,94000,observed,94000,170000,0.5529411764705883,-0.8548020844600643,Figure 6C-G,AB4
fig6CG-AB,rli_vehicle,13,4200000,observed,4200000,170000,24.705882352941178,4.626782676415783,Figure 6C-G,AB5
fig6CG-AB,rli_vehicle,17,49000000,observed,49000000,170000,288.2352941176471,8.171103192639594,Figure 6C-G,AB6
fig6CG-AB,rli_vehicle,21,deceased,deceased,,170000,,,Figure 6C-G,AB7
fig6CG-AB,rli_vehicle,26,,previously_deceased_blank,,170000,,,Figure 6C-G,AB8
fig6CG-AC,rli_vehicle,3,170000,observed,170000,170000,1.0,0.0,Figure 6C-G,AC2
fig6CG-AC,rli_vehicle,6,210000,observed,210000,170000,1.2352941176470589,0.30485458152842093,Figure 6C-G,AC3
fig6CG-AC,rli_vehicle,10,1500000,observed,1500000,170000,8.823529411764707,3.141355849245542,Figure 6C-G,AC4
fig6CG-AC,rli_vehicle,13,1300000,observed,1300000,170000,7.647058823529412,2.9349049717781153,Figure 6C-G,AC5
fig6CG-AC,rli_vehicle,17,1800000,observed,1800000,170000,10.588235294117647,3.4043902550793352,Figure 6C-G,AC6
fig6CG-AC,rli_vehicle,21,deceased,deceased,,170000,,,Figure 6C-G,AC7
fig6CG-AC,rli_vehicle,26,,previously_deceased_blank,,170000,,,Figure 6C-G,AC8
fig6CG-AD,rli_tmz,3,140000,observed,140000,140000,1.0,0.0,Figure 6C-G,AD2
fig6CG-AD,rli_tmz,6,220000,observed,220000,140000,1.5714285714285714,0.6520766965796931,Figure 6C-G,AD3
fig6CG-AD,rli_tmz,10,790000,observed,790000,140000,5.642857142857143,2.496425826119499,Figure 6C-G,AD4
fig6CG-AD,rli_tmz,13,220000,observed,220000,140000,1.5714285714285714,0.6520766965796931,Figure 6C-G,AD5
fig6CG-AD,rli_tmz,17,89000,observed,89000,140000,0.6357142857142857,-0.6535495859785688,Figure 6C-G,AD6
fig6CG-AD,rli_tmz,21,72000,observed,72000,140000,0.5142857142857142,-0.9593580155026542,Figure 6C-G,AD7
fig6CG-AD,rli_tmz,26,112000,observed,112000,140000,0.8,-0.3219280948873623,Figure 6C-G,AD8
fig6CG-AE,rli_tmz,3,110000,observed,110000,110000,1.0,0.0,Figure 6C-G,AE2
fig6CG-AE,rli_tmz,6,390000,observed,390000,110000,3.5454545454545454,1.8259706002249512,Figure 6C-G,AE3
fig6CG-AE,rli_tmz,10,5200000,observed,5200000,110000,47.27272727272727,5.562936194391157,Figure 6C-G,AE4
fig6CG-AE,rli_tmz,13,1600000,observed,1600000,110000,14.545454545454545,3.862496476250065,Figure 6C-G,AE5
fig6CG-AE,rli_tmz,17,880000,observed,880000,110000,8.0,3.0,Figure 6C-G,AE6
fig6CG-AE,rli_tmz,21,60000,observed,60000,110000,0.5454545454545454,-0.8744691179161412,Figure 6C-G,AE7
fig6CG-AE,rli_tmz,26,146000,observed,146000,110000,1.3272727272727274,0.40846484535535776,Figure 6C-G,AE8
fig6CG-AF,rli_tmz,3,160000,observed,160000,160000,1.0,0.0,Figure 6C-G,AF2
fig6CG-AF,rli_tmz,6,170000,observed,170000,160000,1.0625,0.0874628412503394,Figure 6C-G,AF3
fig6CG-AF,rli_tmz,10,1700000,observed,1700000,160000,10.625,3.4093909361377017,Figure 6C-G,AF4
fig6CG-AF,rli_tmz,13,1200000,observed,1200000,160000,7.5,2.9068905956085187,Figure 6C-G,AF5
fig6CG-AF,rli_tmz,17,330000,observed,330000,160000,2.0625,1.0443941193584534,Figure 6C-G,AF6
fig6CG-AF,rli_tmz,21,72000,observed,72000,160000,0.45,-1.15200309344505,Figure 6C-G,AF7
fig6CG-AF,rli_tmz,26,172000,observed,172000,160000,1.075,0.10433665981473553,Figure 6C-G,AF8
fig6CG-AG,rli_tmz,3,160000,observed,160000,160000,1.0,0.0,Figure 6C-G,AG2
fig6CG-AG,rli_tmz,6,220000,observed,220000,160000,1.375,0.45943161863729726,Figure 6C-G,AG3
fig6CG-AG,rli_tmz,10,1300000,observed,1300000,160000,8.125,3.0223678130284544,Figure 6C-G,AG4
fig6CG-AG,rli_tmz,13,410000,observed,410000,160000,2.5625,1.3575520046180838,Figure 6C-G,AG5
fig6CG-AG,rli_tmz,17,78000,observed,78000,160000,0.4875,-1.0365258760251141,Figure 6C-G,AG6
fig6CG-AG,rli_tmz,21,35000,observed,35000,160000,0.21875,-2.192645077942396,Figure 6C-G,AG7
fig6CG-AG,rli_tmz,26,192000,observed,192000,160000,1.2,0.2630344058337938,Figure 6C-G,AG8
fig6CG-AH,rli_tmz,3,150000,observed,150000,150000,1.0,0.0,Figure 6C-G,AH2
fig6CG-AH,rli_tmz,6,230000,observed,230000,150000,1.5333333333333334,0.6166713604484945,Figure 6C-G,AH3
fig6CG-AH,rli_tmz,10,550000,observed,550000,150000,3.6666666666666665,1.874469117916141,Figure 6C-G,AH4
fig6CG-AH,rli_tmz,13,270000,observed,270000,150000,1.8,0.8479969065549501,Figure 6C-G,AH5
fig6CG-AH,rli_tmz,17,110000,observed,110000,150000,0.7333333333333333,-0.4474589769712214,Figure 6C-G,AH6
fig6CG-AH,rli_tmz,21,68000,observed,68000,150000,0.4533333333333333,-1.1413558492455416,Figure 6C-G,AH7
fig6CG-AH,rli_tmz,26,233000,observed,233000,150000,1.5533333333333332,0.6353674541583992,Figure 6C-G,AH8
fig6CG-AI,rli_tmz,3,220000,observed,220000,220000,1.0,0.0,Figure 6C-G,AI2
fig6CG-AI,rli_tmz,6,300000,observed,300000,220000,1.3636363636363635,0.44745897697122117,Figure 6C-G,AI3
fig6CG-AI,rli_tmz,10,810000,observed,810000,220000,3.6818181818181817,1.8804183842473274,Figure 6C-G,AI4
fig6CG-AI,rli_tmz,13,390000,observed,390000,220000,1.7727272727272727,0.8259706002249511,Figure 6C-G,AI5
fig6CG-AI,rli_tmz,17,190000,observed,190000,220000,0.8636363636363636,-0.21150410519371174,Figure 6C-G,AI6
fig6CG-AI,rli_tmz,21,180000,observed,180000,220000,0.8181818181818182,-0.2895066171949848,Figure 6C-G,AI7
fig6CG-AI,rli_tmz,26,censor,censor,,220000,,,Figure 6C-G,AI8
fig6CG-AJ,rli_tmz,3,160000,observed,160000,160000,1.0,0.0,Figure 6C-G,AJ2
fig6CG-AJ,rli_tmz,6,100000,observed,100000,160000,0.625,-0.6780719051126377,Figure 6C-G,AJ3
fig6CG-AJ,rli_tmz,10,2200000,observed,2200000,160000,13.75,3.7813597135246595,Figure 6C-G,AJ4
fig6CG-AJ,rli_tmz,13,1400000,observed,1400000,160000,8.75,3.1292830169449664,Figure 6C-G,AJ5
fig6CG-AJ,rli_tmz,17,850000,observed,850000,160000,5.3125,2.4093909361377017,Figure 6C-G,AJ6
fig6CG-AJ,rli_tmz,21,4600000,observed,4600000,160000,28.75,4.845490050944375,Figure 6C-G,AJ7
fig6CG-AJ,rli_tmz,26,censor,censor,,160000,,,Figure 6C-G,AJ8
fig6CG-AK,rli_tmz,3,130000,observed,130000,130000,1.0,0.0,Figure 6C-G,AK2
fig6CG-AK,rli_tmz,6,140000,observed,140000,130000,1.0769230769230769,0.10691520391651188,Figure 6C-G,AK3
fig6CG-AK,rli_tmz,10,320000,observed,320000,130000,2.4615384615384617,1.2995602818589078,Figure 6C-G,AK4
fig6CG-AK,rli_tmz,13,190000,observed,190000,130000,1.4615384615384615,0.5474877953024933,Figure 6C-G,AK5
fig6CG-AK,rli_tmz,17,98000,observed,98000,130000,0.7538461538461538,-0.4076579689132463,Figure 6C-G,AK6
fig6CG-AK,rli_tmz,21,89000,observed,89000,130000,0.6846153846153846,-0.5466343820620567,Figure 6C-G,AK7
fig6CG-AK,rli_tmz,26,240000,observed,240000,130000,1.8461538461538463,0.8845227825800641,Figure 6C-G,AK8
fig6CG-AL,rli_tmz,3,130000,observed,130000,130000,1.0,0.0,Figure 6C-G,AL2
fig6CG-AL,rli_tmz,6,240000,observed,240000,130000,1.8461538461538463,0.8845227825800641,Figure 6C-G,AL3
fig6CG-AL,rli_tmz,10,730000,observed,730000,130000,5.615384615384615,2.489384840738925,Figure 6C-G,AL4
fig6CG-AL,rli_tmz,13,130000,observed,130000,130000,1.0,0.0,Figure 6C-G,AL5
fig6CG-AL,rli_tmz,17,110000,observed,110000,130000,0.8461538461538461,-0.24100809950379493,Figure 6C-G,AL6
fig6CG-AL,rli_tmz,21,120000,observed,120000,130000,0.9230769230769231,-0.1154772174199359,Figure 6C-G,AL7
fig6CG-AL,rli_tmz,26,185000,observed,185000,130000,1.4230769230769231,0.5090136474878577,Figure 6C-G,AL8
