group,mode,horizon,rmst_days,at_risk_before_horizon,followed_beyond_horizon,loo_min_days,loo_max_days,loo_supported,loo_total
pbs_vehicle,paper_compatible,20,20.0,10,10,20.0,20.0,10,10
pbs_vehicle,paper_compatible,40,23.900000000000002,0,0,23.77777777777778,24.22222222222222,10,10
pbs_vehicle,paper_compatible,60,23.900000000000002,0,0,23.77777777777778,24.22222222222222,10,10
pbs_vehicle,paper_compatible,120,23.900000000000002,0,0,23.77777777777778,24.22222222222222,10,10
pbs_vehicle,paper_compatible,399,23.900000000000002,0,0,23.77777777777778,24.22222222222222,10,10
pbs_tmz,paper_compatible,20,20.0,9,9,20.0,20.0,9,9
pbs_tmz,paper_compatible,40,29.77777777777778,1,1,28.5,30.375,9,9
pbs_tmz,paper_compatible,60,30.666666666666668,0,0,28.5,31.375,9,9
pbs_tmz,paper_compatible,120,30.666666666666668,0,0,28.5,31.375,9,9
pbs_tmz,paper_compatible,399,30.666666666666668,0,0,28.5,31.375,9,9
rli_vehicle,paper_compatible,20,19.333333333333332,7,7,19.25,19.625,9,9
rli_vehicle,paper_compatible,40,34.888888888888886,6,6,34.25,37.125,9,9
rli_vehicle,paper_compatible,60,43.833333333333336,2,2,41.599999999999994,47.18749999999999,9,9
rli_vehicle,paper_compatible,120,51.74074074074074,1,1,41.75,56.08333333333333,9,9
rli_vehicle,paper_compatible,399,87.9074074074074,1,0,41.75,96.77083333333334,9,9
rli_tmz,paper_compatible,20,20.0,9,9,20.0,20.0,9,9
rli_tmz,paper_compatible,40,40.0,6,6,40.0,40.0,9,9
rli_tmz,paper_compatible,60,56.6,3,3,55.75,60.0,9,9
rli_tmz,paper_compatible,120,104.60000000000001,1,1,100.75,120.0,8,9
rli_tmz,paper_compatible,399,327.8,1,0,310.0,399.0,8,9
pbs_vehicle,composite_endpoint,20,20.0,10,10,20.0,20.0,10,10
pbs_vehicle,composite_endpoint,40,23.900000000000002,0,0,23.77777777777778,24.22222222222222,10,10
pbs_vehicle,composite_endpoint,60,23.900000000000002,0,0,23.77777777777778,24.22222222222222,10,10
pbs_vehicle,composite_endpoint,120,23.900000000000002,0,0,23.77777777777778,24.22222222222222,10,10
pbs_vehicle,composite_endpoint,399,23.900000000000002,0,0,23.77777777777778,24.22222222222222,10,10
pbs_tmz,composite_endpoint,20,20.0,9,9,20.0,20.0,9,9
pbs_tmz,composite_endpoint,40,29.77777777777778,1,1,28.5,30.375,9,9
pbs_tmz,composite_endpoint,60,30.666666666666668,0,0,28.5,31.375,9,9
pbs_tmz,composite_endpoint,120,30.666666666666668,0,0,28.5,31.375,9,9
pbs_tmz,composite_endpoint,399,30.666666666666668,0,0,28.5,31.375,9,9
rli_vehicle,composite_endpoint,20,19.333333333333332,7,7,19.25,19.625,9,9
rli_vehicle,composite_endpoint,40,33.44444444444444,6,6,32.625,35.5,9,9
rli_vehicle,composite_endpoint,60,41.11111111111111,2,2,38.75,44.125,9,9
rli_vehicle,composite_endpoint,120,47.888888888888886,1,1,38.875,51.75,9,9
rli_vehicle,composite_endpoint,399,78.8888888888889,1,0,38.875,86.625,9,9
rli_tmz,composite_endpoint,20,20.0,9,9,20.0,20.0,9,9
rli_tmz,composite_endpoint,40,36.22222222222222,6,6,35.75,37.375,9,9
rli_tmz,composite_endpoint,60,44.111111111111114,3,3,42.125,46.25,9,9
rli_tmz,composite_endpoint,120,51.44444444444445,1,1,42.875,54.5,9,9
rli_tmz,composite_endpoint,399,82.44444444444446,1,0,42.875,89.375,9,9
