id,group,time,source_code,event_type,paper_event,composite_event,source_sheet,time_cell,status_cell
fig6B-r2,pbs_vehicle,21,1,tumor_endpoint,1,1,Figure 6B,A2,C2
fig6B-r3,pbs_vehicle,21,1,tumor_endpoint,1,1,Figure 6B,A3,C3
fig6B-r4,pbs_vehicle,22,1,tumor_endpoint,1,1,Figure 6B,A4,C4
fig6B-r5,pbs_vehicle,25,1,tumor_endpoint,1,1,Figure 6B,A5,C5
fig6B-r6,pbs_vehicle,25,1,tumor_endpoint,1,1,Figure 6B,A6,C6
fig6B-r7,pbs_vehicle,25,1,tumor_endpoint,1,1,Figure 6B,A7,C7
fig6B-r8,pbs_vehicle,25,1,tumor_endpoint,1,1,Figure 6B,A8,C8
fig6B-r9,pbs_vehicle,25,1,tumor_endpoint,1,1,Figure 6B,A9,C9
fig6B-r10,pbs_vehicle,25,1,tumor_endpoint,1,1,Figure 6B,A10,C10
fig6B-r11,pbs_vehicle,25,1,tumor_endpoint,1,1,Figure 6B,A11,C11
fig6B-r12,pbs_tmz,25,1,tumor_endpoint,1,1,Figure 6B,A12,D12
fig6B-r13,pbs_tmz,25,1,tumor_endpoint,1,1,Figure 6B,A13,D13
fig6B-r14,pbs_tmz,25,1,tumor_endpoint,1,1,Figure 6B,A14,D14
fig6B-r15,pbs_tmz,48,1,tumor_endpoint,1,1,Figure 6B,A15,D15
fig6B-r16,pbs_tmz,32,1,tumor_endpoint,1,1,Figure 6B,A16,D16
fig6B-r17,pbs_tmz,32,1,tumor_endpoint,1,1,Figure 6B,A17,D17
fig6B-r18,pbs_tmz,25,1,tumor_endpoint,1,1,Figure 6B,A18,D18
fig6B-r19,pbs_tmz,32,1,tumor_endpoint,1,1,Figure 6B,A19,D19
fig6B-r20,pbs_tmz,32,1,tumor_endpoint,1,1,Figure 6B,A20,D20
fig6B-r21,rli_vehicle,17,1,tumor_endpoint,1,1,Figure 6B,A21,E21
fig6B-r22,rli_vehicle,17,1,tumor_endpoint,1,1,Figure 6B,A22,E22
fig6B-r23,rli_vehicle,46,1,tumor_endpoint,1,1,Figure 6B,A23,E23
fig6B-r24,rli_vehicle,48,1,tumor_endpoint,1,1,Figure 6B,A24,E24
fig6B-r25,rli_vehicle,399,0,study_end_censor,0,0,Figure 6B,A25,E25
fig6B-r26,rli_vehicle,27,0*,non_tumor_endpoint,0,1,Figure 6B,A26,E26
fig6B-r27,rli_vehicle,53,1,tumor_endpoint,1,1,Figure 6B,A27,E27
fig6B-r28,rli_vehicle,61,1,tumor_endpoint,1,1,Figure 6B,A28,E28
fig6B-r29,rli_vehicle,42,1,tumor_endpoint,1,1,Figure 6B,A29,E29
fig6B-r30,rli_tmz,62,0*,non_tumor_endpoint,0,1,Figure 6B,A30,F30
fig6B-r31,rli_tmz,31,0*,non_tumor_endpoint,0,1,Figure 6B,A31,F31
fig6B-r32,rli_tmz,64,0*,non_tumor_endpoint,0,1,Figure 6B,A32,F32
fig6B-r33,rli_tmz,399,0,study_end_censor,0,0,Figure 6B,A33,F33
fig6B-r34,rli_tmz,43,1,tumor_endpoint,1,1,Figure 6B,A34,F34
fig6B-r35,rli_tmz,42,0*,non_tumor_endpoint,0,1,Figure 6B,A35,F35
fig6B-r36,rli_tmz,28,0*,non_tumor_endpoint,0,1,Figure 6B,A36,F36
fig6B-r37,rli_tmz,46,0*,non_tumor_endpoint,0,1,Figure 6B,A37,F37
fig6B-r38,rli_tmz,27,0*,non_tumor_endpoint,0,1,Figure 6B,A38,F38
